ts,probe_type,seq,event_detected,event_keys,wifi_up,ping_ok,ping_rtt_ms,dns_all_ok,dns_latency_max_ms,rtt_avg_ms,loss_pct,throughput_avg_mbps,detail
2026-04-21T06:52:32.646204+00:00,fast,1,False,,True,True,60.5,True,113.3,,,,
2026-04-21T06:52:32.352029+00:00,telemetry,,False,,,,,,,53.186,0.0,,
2026-04-21T06:52:34.556084+00:00,fast,2,False,,True,True,57.3,True,70.54,,,,
2026-04-21T06:52:36.551416+00:00,fast,3,False,,True,True,45.7,True,75.75,,,,
2026-04-21T06:52:32.353587+00:00,throughput,,False,,,,,,,,,17.671271,
2026-04-21T06:52:38.550603+00:00,fast,4,False,,True,True,49.3,True,69.87,,,,
2026-04-21T06:52:40.594061+00:00,fast,5,False,,True,True,85.2,True,77.4,,,,
2026-04-21T06:52:42.540748+00:00,fast,6,False,,True,True,34.9,True,75.42,,,,
2026-04-21T06:52:44.549371+00:00,fast,7,False,,True,True,45.9,True,70.79,,,,
2026-04-21T06:52:46.570375+00:00,fast,8,False,,True,True,45.6,True,84.52,,,,
2026-04-21T06:52:48.621345+00:00,fast,9,False,,True,True,52.8,True,135.59,,,,
2026-04-21T06:52:50.557623+00:00,fast,10,False,,True,True,46.5,True,77.34,,,,
2026-04-21T06:52:52.566524+00:00,fast,11,False,,True,True,49.7,True,83.5,,,,
2026-04-21T06:52:54.617062+00:00,fast,12,False,,True,True,48.0,True,110.58,,,,
2026-04-21T06:52:56.578529+00:00,fast,13,False,,True,True,45.6,True,97.08,,,,
2026-04-21T06:52:58.560201+00:00,fast,14,False,,True,True,52.7,True,71.42,,,,
2026-04-21T06:53:00.565273+00:00,fast,15,False,,True,True,47.7,True,82.94,,,,
2026-04-21T06:53:02.672811+00:00,fast,16,False,,True,True,54.5,True,158.43,,,,
2026-04-21T06:53:02.352500+00:00,telemetry,,False,,,,,,,37.247,0.0,,
2026-04-21T06:53:04.631756+00:00,fast,17,False,,True,True,65.5,True,125.16,,,,
2026-04-21T06:53:06.608438+00:00,fast,18,False,,True,True,99.2,True,74.75,,,,
2026-04-21T06:53:08.622320+00:00,fast,19,False,,True,True,32.5,True,148.22,,,,
2026-04-21T06:53:10.574334+00:00,fast,20,False,,True,True,51.4,True,82.19,,,,
2026-04-21T06:53:12.554509+00:00,fast,21,False,,True,True,48.1,True,69.42,,,,
2026-04-21T06:53:14.546519+00:00,fast,22,False,,True,True,30.1,True,78.92,,,,
2026-04-21T06:53:16.560673+00:00,fast,23,False,,True,True,49.2,True,73.92,,,,
2026-04-21T06:53:18.561774+00:00,fast,24,False,,True,True,46.1,True,76.9,,,,
2026-04-21T06:53:20.563859+00:00,fast,25,False,,True,True,49.0,True,76.19,,,,
2026-04-21T06:53:22.554187+00:00,fast,26,False,,True,True,46.2,True,69.16,,,,
2026-04-21T06:53:24.557640+00:00,fast,27,False,,True,True,47.8,True,69.62,,,,
2026-04-21T06:53:26.558092+00:00,fast,28,False,,True,True,46.8,True,71.57,,,,
2026-04-21T06:53:28.561064+00:00,fast,29,False,,True,True,47.9,True,73.89,,,,
2026-04-21T06:53:30.573384+00:00,fast,30,False,,True,True,66.5,True,67.64,,,,
2026-04-21T06:53:32.684599+00:00,fast,31,False,,True,True,73.3,True,134.38,,,,
2026-04-21T06:53:32.352954+00:00,telemetry,,False,,,,,,,59.548,0.0,,
2026-04-21T06:53:34.559978+00:00,fast,32,False,,True,True,45.6,True,70.88,,,,
2026-04-21T06:53:37.488375+00:00,fast,33,False,,True,True,49.1,True,541.46,,,,
2026-04-21T06:53:32.355152+00:00,throughput,,False,,,,,,,,,16.607574,
2026-04-21T06:53:39.483486+00:00,fast,34,True,S1_DNS_DELAY,True,True,69.9,True,568.19,,,,"S1_DNS_DELAY:slow_dns=[google.com=568ms, its.ac.id=471ms] >= 300ms  ping=OK"
2026-04-21T06:53:41.576250+00:00,fast,35,True,S1_DNS_DELAY,True,True,48.3,True,638.08,,,,"S1_DNS_DELAY:slow_dns=[google.com=638ms, its.ac.id=515ms] >= 300ms  ping=OK"
2026-04-21T06:53:43.518412+00:00,fast,36,True,S1_DNS_DELAY,True,True,46.1,True,585.18,,,,"S1_DNS_DELAY:slow_dns=[google.com=585ms, its.ac.id=512ms] >= 300ms  ping=OK"
2026-04-21T06:53:45.500855+00:00,fast,37,True,S1_DNS_DELAY,True,True,49.2,True,539.33,,,,"S1_DNS_DELAY:slow_dns=[google.com=537ms, its.ac.id=539ms] >= 300ms  ping=OK"
2026-04-21T06:53:47.511861+00:00,fast,38,True,S1_DNS_DELAY,True,True,44.2,True,579.69,,,,"S1_DNS_DELAY:slow_dns=[google.com=580ms, its.ac.id=512ms] >= 300ms  ping=OK"
2026-04-21T06:53:49.457399+00:00,fast,39,True,S1_DNS_DELAY,True,True,47.9,True,520.71,,,,"S1_DNS_DELAY:slow_dns=[google.com=521ms, its.ac.id=512ms] >= 300ms  ping=OK"
2026-04-21T06:53:51.403691+00:00,fast,40,True,S1_DNS_DELAY,True,True,45.4,True,507.22,,,,"S1_DNS_DELAY:slow_dns=[google.com=474ms, its.ac.id=507ms] >= 300ms  ping=OK"
2026-04-21T06:53:53.451744+00:00,fast,41,True,S1_DNS_DELAY,True,True,46.9,True,515.55,,,,"S1_DNS_DELAY:slow_dns=[google.com=516ms, its.ac.id=511ms] >= 300ms  ping=OK"
2026-04-21T06:53:55.499394+00:00,fast,42,True,S1_DNS_DELAY,True,True,45.5,True,564.06,,,,"S1_DNS_DELAY:slow_dns=[google.com=564ms, its.ac.id=511ms] >= 300ms  ping=OK"
2026-04-21T06:53:57.444957+00:00,fast,43,True,S1_DNS_DELAY,True,True,47.4,True,509.69,,,,"S1_DNS_DELAY:slow_dns=[google.com=509ms, its.ac.id=510ms] >= 300ms  ping=OK"
2026-04-21T06:53:59.495358+00:00,fast,44,True,S1_DNS_DELAY,True,True,58.2,True,544.18,,,,"S1_DNS_DELAY:slow_dns=[google.com=544ms, its.ac.id=514ms] >= 300ms  ping=OK"
2026-04-21T06:54:01.439076+00:00,fast,45,True,S1_DNS_DELAY,True,True,55.4,True,512.29,,,,"S1_DNS_DELAY:slow_dns=[google.com=492ms, its.ac.id=512ms] >= 300ms  ping=OK"
2026-04-21T06:54:03.448432+00:00,fast,46,True,S1_DNS_DELAY,True,True,31.7,True,527.28,,,,"S1_DNS_DELAY:slow_dns=[google.com=527ms, its.ac.id=511ms] >= 300ms  ping=OK"
2026-04-21T06:54:02.353421+00:00,telemetry,,False,,,,,,,44.995,0.0,,
2026-04-21T06:54:05.394678+00:00,fast,47,True,S1_DNS_DELAY,True,True,32.4,True,508.06,,,,"S1_DNS_DELAY:slow_dns=[google.com=508ms, its.ac.id=474ms] >= 300ms  ping=OK"
2026-04-21T06:54:07.480590+00:00,fast,48,True,S1_DNS_DELAY,True,True,31.8,True,556.36,,,,"S1_DNS_DELAY:slow_dns=[google.com=556ms, its.ac.id=512ms] >= 300ms  ping=OK"
2026-04-21T06:54:09.386789+00:00,fast,49,True,S1_DNS_DELAY,True,True,32.5,True,501.61,,,,"S1_DNS_DELAY:slow_dns=[google.com=502ms, its.ac.id=472ms] >= 300ms  ping=OK"
2026-04-21T06:54:11.472877+00:00,fast,50,True,S1_DNS_DELAY,True,True,31.8,True,549.97,,,,"S1_DNS_DELAY:slow_dns=[google.com=550ms, its.ac.id=510ms] >= 300ms  ping=OK"
2026-04-21T06:54:13.522453+00:00,fast,51,True,S1_DNS_DELAY,True,True,61.1,True,567.75,,,,"S1_DNS_DELAY:slow_dns=[google.com=568ms, its.ac.id=512ms] >= 300ms  ping=OK"
2026-04-21T06:54:15.468082+00:00,fast,52,True,S1_DNS_DELAY,True,True,47.4,True,527.02,,,,"S1_DNS_DELAY:slow_dns=[google.com=527ms, its.ac.id=510ms] >= 300ms  ping=OK"
2026-04-21T06:54:17.515235+00:00,fast,53,True,S1_DNS_DELAY,True,True,38.4,True,586.32,,,,"S1_DNS_DELAY:slow_dns=[google.com=508ms, its.ac.id=586ms] >= 300ms  ping=OK"
2026-04-21T06:54:19.461103+00:00,fast,54,True,S1_DNS_DELAY,True,True,46.7,True,519.49,,,,"S1_DNS_DELAY:slow_dns=[google.com=519ms, its.ac.id=511ms] >= 300ms  ping=OK"
2026-04-21T06:54:20.624798+00:00,fast,55,False,,True,True,70.5,True,95.79,,,,
2026-04-21T06:54:22.560824+00:00,fast,56,False,,True,True,30.8,True,73.92,,,,
2026-04-21T06:54:24.574362+00:00,fast,57,False,,True,True,49.2,True,72.31,,,,
2026-04-21T06:54:26.624508+00:00,fast,58,False,,True,True,68.1,True,100.86,,,,
2026-04-21T06:54:28.589232+00:00,fast,59,False,,True,True,53.2,True,76.39,,,,
2026-04-21T06:54:30.592677+00:00,fast,60,False,,True,True,48.4,True,87.44,,,,
2026-04-21T06:54:32.645285+00:00,fast,61,False,,True,True,64.5,True,100.49,,,,
2026-04-21T06:54:32.353883+00:00,telemetry,,False,,,,,,,66.43,0.0,,
2026-04-21T06:54:34.586546+00:00,fast,62,False,,True,True,58.9,True,72.77,,,,
2026-04-21T06:54:36.600610+00:00,fast,63,False,,True,True,48.5,True,88.7,,,,
2026-04-21T06:54:32.355776+00:00,throughput,,False,,,,,,,,,17.349347,
2026-04-21T06:54:38.577758+00:00,fast,64,False,,True,True,46.9,True,73.35,,,,
2026-04-21T06:54:40.597166+00:00,fast,65,False,,True,True,47.7,True,91.76,,,,
2026-04-21T06:54:42.594990+00:00,fast,66,False,,True,True,46.0,True,92.08,,,,
2026-04-21T06:54:44.578536+00:00,fast,67,False,,True,True,47.5,True,72.31,,,,
2026-04-21T06:54:46.577836+00:00,fast,68,False,,True,True,46.1,True,74.12,,,,
2026-04-21T06:54:48.589714+00:00,fast,69,False,,True,True,45.9,True,84.22,,,,
2026-04-21T06:54:52.568041+00:00,fast,70,False,,True,True,49.0,False,1064.21,,,,
2026-04-21T06:54:54.755185+00:00,fast,71,True,S2_DNS_OUTAGE_BURST,True,True,47.4,False,1065.28,,,,S2_DNS_OUTAGE_BURST:all_dns=FAIL (2 domains)  lat=1065ms  ping=OK
2026-04-21T06:54:56.942083+00:00,fast,72,True,S2_DNS_OUTAGE_BURST,True,True,46.7,False,1065.15,,,,S2_DNS_OUTAGE_BURST:all_dns=FAIL (2 domains)  lat=1065ms  ping=OK
2026-04-21T06:54:58.146802+00:00,fast,73,False,,True,True,47.7,False,1064.21,,,,
2026-04-21T06:54:59.148019+00:00,fast,74,False,,True,True,51.1,True,76.95,,,,
2026-04-21T06:55:01.162512+00:00,fast,75,False,,True,True,51.9,True,84.81,,,,
2026-04-21T06:55:02.354361+00:00,telemetry,,False,,,,,,,44.581,0.0,,
2026-04-21T06:55:05.122844+00:00,fast,76,False,,True,True,32.1,False,1070.75,,,,
2026-04-21T06:55:07.328850+00:00,fast,77,True,S2_DNS_OUTAGE_BURST,True,True,67.7,False,1064.42,,,,S2_DNS_OUTAGE_BURST:all_dns=FAIL (2 domains)  lat=1064ms  ping=OK
2026-04-21T06:55:09.559173+00:00,fast,78,True,S2_DNS_OUTAGE_BURST,True,True,88.7,False,1066.43,,,,S2_DNS_OUTAGE_BURST:all_dns=FAIL (2 domains)  lat=1066ms  ping=OK
2026-04-21T06:55:11.744789+00:00,fast,79,True,S2_DNS_OUTAGE_BURST,True,True,47.2,False,1064.5,,,,S2_DNS_OUTAGE_BURST:all_dns=FAIL (2 domains)  lat=1064ms  ping=OK
2026-04-21T06:55:11.969227+00:00,fast,80,False,,True,True,49.7,True,93.73,,,,
2026-04-21T06:55:13.946274+00:00,fast,81,False,,True,True,49.7,True,72.26,,,,
2026-04-21T06:55:15.943116+00:00,fast,82,False,,True,True,48.1,True,69.51,,,,
2026-04-21T06:55:19.931954+00:00,fast,83,False,,True,True,45.5,False,1065.26,,,,
2026-04-21T06:55:22.124099+00:00,fast,84,True,S2_DNS_OUTAGE_BURST,True,True,54.8,False,1064.65,,,,S2_DNS_OUTAGE_BURST:all_dns=FAIL (2 domains)  lat=1065ms  ping=OK
2026-04-21T06:55:24.307699+00:00,fast,85,True,S2_DNS_OUTAGE_BURST,True,True,47.0,False,1064.24,,,,S2_DNS_OUTAGE_BURST:all_dns=FAIL (2 domains)  lat=1064ms  ping=OK
2026-04-21T06:55:24.537569+00:00,fast,86,False,,True,True,46.1,True,102.34,,,,
2026-04-21T06:55:26.517604+00:00,fast,87,False,,True,True,57.0,True,71.82,,,,
2026-04-21T06:55:28.503304+00:00,fast,88,False,,True,True,50.5,True,71.14,,,,
2026-04-21T06:55:30.801422+00:00,fast,89,False,,True,True,83.7,True,208.07,,,,
2026-04-21T06:55:32.892575+00:00,fast,90,False,,True,True,160.0,True,215.87,,,,
2026-04-21T06:55:32.354770+00:00,telemetry,,False,,,,,,,180.682,20.0,,
2026-04-21T06:55:34.867385+00:00,fast,91,False,,True,True,118.0,True,219.08,,,,
2026-04-21T06:55:36.510368+00:00,fast,92,False,,True,True,46.6,True,72.4,,,,
2026-04-21T06:55:38.441173+00:00,fast,93,True,S3_PACKET_LOSS_BURST,True,False,,False,61.24,,,,"S3_PACKET_LOSS_BURST:ping=TIMEOUT  wifi=UP  dns=FAIL(google.com,its.ac.id)"
2026-04-21T06:55:32.356490+00:00,throughput,,False,,,,,,,,,5.789923,
2026-04-21T06:55:40.427334+00:00,fast,94,True,S6_CONNECTIVITY_FLAP,True,False,,False,54.81,,,,S6_CONNECTIVITY_FLAP:ping=FAIL  all_dns=FAIL  wifi=UP  (upstream down)
2026-04-21T06:55:42.428310+00:00,fast,95,True,S6_CONNECTIVITY_FLAP,True,False,,False,55.87,,,,S6_CONNECTIVITY_FLAP:ping=FAIL  all_dns=FAIL  wifi=UP  (upstream down)
2026-04-21T06:55:44.430162+00:00,fast,96,True,S6_CONNECTIVITY_FLAP,True,False,,False,55.02,,,,S6_CONNECTIVITY_FLAP:ping=FAIL  all_dns=FAIL  wifi=UP  (upstream down)
2026-04-21T06:55:46.443639+00:00,fast,97,True,S6_CONNECTIVITY_FLAP,True,False,,False,61.79,,,,S6_CONNECTIVITY_FLAP:ping=FAIL  all_dns=FAIL  wifi=UP  (upstream down)
2026-04-21T06:55:48.509918+00:00,fast,98,False,,True,True,35.8,True,79.18,,,,
2026-04-21T06:55:50.498728+00:00,fast,99,False,,True,True,31.1,True,76.62,,,,
2026-04-21T06:55:52.509667+00:00,fast,100,False,,True,True,37.4,True,79.16,,,,
2026-04-21T06:55:57.451932+00:00,fast,101,True,S3_PACKET_LOSS_BURST,True,False,,False,1063.74,,,,"S3_PACKET_LOSS_BURST:ping=TIMEOUT  wifi=UP  dns=FAIL(google.com,its.ac.id)"
2026-04-21T06:55:58.637551+00:00,fast,102,True,S3_PACKET_LOSS_BURST,True,False,,True,91.06,,,,"S3_PACKET_LOSS_BURST:ping=TIMEOUT  wifi=UP  dns=OK(google.com,its.ac.id)"
2026-04-21T06:56:01.645207+00:00,fast,103,True,S3_PACKET_LOSS_BURST,True,False,,False,1064.57,,,,S3_PACKET_LOSS_BURST:ping=TIMEOUT  wifi=UP  dns=OK(google.com)
2026-04-21T06:56:02.839734+00:00,fast,104,False,,True,True,47.3,False,1065.35,,,,
2026-04-21T06:56:04.854689+00:00,fast,105,False,,True,True,38.2,False,1068.32,,,,
2026-04-21T06:56:02.355246+00:00,telemetry,,False,,,,,,,47.549,60.0,,
2026-04-21T06:56:08.785201+00:00,fast,106,True,S3_PACKET_LOSS_BURST,True,False,,False,1065.3,,,,"S3_PACKET_LOSS_BURST:ping=TIMEOUT  wifi=UP  dns=FAIL(google.com,its.ac.id)"
2026-04-21T06:56:10.010979+00:00,fast,107,False,,True,True,55.3,False,1073.71,,,,
2026-04-21T06:56:12.950976+00:00,fast,108,True,S3_PACKET_LOSS_BURST,True,False,,False,1064.11,,,,S3_PACKET_LOSS_BURST:ping=TIMEOUT  wifi=UP  dns=OK(its.ac.id)
2026-04-21T06:56:16.089905+00:00,fast,109,True,S3_PACKET_LOSS_BURST,True,False,,False,1065.23,,,,"S3_PACKET_LOSS_BURST:ping=TIMEOUT  wifi=UP  dns=FAIL(google.com,its.ac.id)"
2026-04-21T06:56:19.227251+00:00,fast,110,True,S6_CONNECTIVITY_FLAP,True,False,,False,1063.68,,,,S6_CONNECTIVITY_FLAP:ping=FAIL  all_dns=FAIL  wifi=UP  (upstream down)
2026-04-21T06:56:20.430104+00:00,fast,111,False,,True,True,54.7,False,1064.64,,,,
2026-04-21T06:56:22.425702+00:00,fast,112,False,,True,True,46.7,False,1063.29,,,,
2026-04-21T06:56:24.553433+00:00,fast,113,True,S3_PACKET_LOSS_BURST,True,False,,True,208.67,,,,"S3_PACKET_LOSS_BURST:ping=TIMEOUT  wifi=UP  dns=OK(google.com,its.ac.id)"
2026-04-21T06:56:25.794332+00:00,fast,114,False,,True,True,158.0,True,204.86,,,,
2026-04-21T06:56:27.879657+00:00,fast,115,False,,True,True,198.0,True,223.13,,,,
2026-04-21T06:56:29.554080+00:00,fast,116,False,,True,True,161.0,True,84.22,,,,
2026-04-21T06:56:31.434712+00:00,fast,117,False,,True,True,46.6,True,77.14,,,,
2026-04-21T06:56:33.526455+00:00,fast,118,False,,True,True,67.1,True,120.49,,,,
2026-04-21T06:56:32.355721+00:00,telemetry,,False,,,,,,,60.889,0.0,,
2026-04-21T06:56:35.440463+00:00,fast,119,False,,True,True,46.7,True,80.12,,,,
2026-04-21T06:56:37.498358+00:00,fast,120,False,,True,True,87.5,True,90.25,,,,
2026-04-21T06:56:32.357753+00:00,throughput,,False,,,,,,,,,16.610349,
2026-04-21T06:56:39.441753+00:00,fast,121,False,,True,True,50.7,True,76.11,,,,
2026-04-21T06:56:41.442599+00:00,fast,122,False,,True,True,45.7,True,84.49,,,,
2026-04-21T06:56:43.433566+00:00,fast,123,False,,True,True,44.9,True,77.48,,,,
2026-04-21T06:56:45.424526+00:00,fast,124,False,,True,True,39.0,True,74.12,,,,
2026-04-21T06:56:47.497672+00:00,fast,125,False,,True,True,49.5,True,135.12,,,,
2026-04-21T06:56:49.427968+00:00,fast,126,False,,True,True,31.7,True,80.86,,,,
2026-04-21T06:56:51.442124+00:00,fast,127,False,,True,True,33.7,True,89.06,,,,
2026-04-21T06:56:53.444571+00:00,fast,128,False,,True,True,46.5,True,82.47,,,,
2026-04-21T06:56:55.655815+00:00,fast,129,False,,True,True,264.0,True,74.87,,,,
2026-04-21T06:56:57.714005+00:00,fast,130,False,,True,True,313.0,True,82.93,,,,
2026-04-21T06:56:59.658704+00:00,fast,131,False,,True,True,258.0,True,82.32,,,,
2026-04-21T06:57:01.719072+00:00,fast,132,False,,True,True,306.0,True,84.13,,,,
2026-04-21T06:57:03.662483+00:00,fast,133,False,,True,True,251.0,True,85.46,,,,
2026-04-21T06:57:02.356193+00:00,telemetry,,False,,,,,,,260.32,0.0,,
2026-04-21T06:57:05.682448+00:00,fast,134,False,,True,True,248.0,True,104.04,,,,
2026-04-21T06:57:07.734444+00:00,fast,135,False,,True,True,345.0,True,70.59,,,,
2026-04-21T06:57:09.698169+00:00,fast,136,False,,True,True,290.0,True,89.58,,,,
2026-04-21T06:57:11.741298+00:00,fast,137,False,,True,True,338.0,True,79.19,,,,
2026-04-21T06:57:13.651403+00:00,fast,138,False,,True,True,254.0,True,78.44,,,,
2026-04-21T06:57:15.664471+00:00,fast,139,False,,True,True,261.0,True,81.93,,,,
2026-04-21T06:57:17.682398+00:00,fast,140,False,,True,True,277.0,True,84.21,,,,
2026-04-21T06:57:19.728391+00:00,fast,141,False,,True,True,324.0,True,81.92,,,,
2026-04-21T06:57:21.678895+00:00,fast,142,False,,True,True,269.0,True,89.27,,,,
2026-04-21T06:57:23.721945+00:00,fast,143,False,,True,True,319.0,True,77.28,,,,
2026-04-21T06:57:25.650981+00:00,fast,144,False,,True,True,262.0,True,68.9,,,,
2026-04-21T06:57:27.730452+00:00,fast,145,False,,True,True,309.0,True,85.09,,,,
2026-04-21T06:57:29.768370+00:00,fast,146,False,,True,True,357.0,True,82.03,,,,
2026-04-21T06:57:31.735484+00:00,fast,147,False,,True,True,302.0,True,110.32,,,,
2026-04-21T06:57:33.720652+00:00,fast,148,False,,True,True,277.0,True,104.97,,,,
2026-04-21T06:57:32.356654+00:00,telemetry,,True,S4_RTT_INCREASE,,,,,,270.203,0.0,,S4_RTT_INCREASE:rtt_avg=270.2ms > 150.0ms  loss=0.0%
2026-04-21T06:57:35.707021+00:00,fast,149,False,,True,True,296.0,True,86.16,,,,
2026-04-21T06:57:37.737954+00:00,fast,150,False,,True,True,343.0,True,70.31,,,,
2026-04-21T06:57:32.358338+00:00,throughput,,False,,,,,,,,,14.644154,
2026-04-21T06:57:39.683708+00:00,fast,151,False,,True,True,288.0,True,70.97,,,,
2026-04-21T06:57:41.728068+00:00,fast,152,False,,True,True,335.0,True,68.78,,,,
2026-04-21T06:57:43.688432+00:00,fast,153,False,,True,True,281.0,True,80.37,,,,
2026-04-21T06:57:45.730430+00:00,fast,154,False,,True,True,329.0,True,76.55,,,,
2026-04-21T06:57:47.670052+00:00,fast,155,False,,True,True,274.0,True,70.36,,,,
2026-04-21T06:57:49.747720+00:00,fast,156,False,,True,True,326.0,True,93.74,,,,
2026-04-21T06:57:51.687575+00:00,fast,157,False,,True,True,266.0,True,87.59,,,,
2026-04-21T06:57:53.730932+00:00,fast,158,False,,True,True,313.0,True,88.56,,,,
2026-04-21T06:57:55.760596+00:00,fast,159,False,,True,True,361.0,True,71.59,,,,
2026-04-21T06:57:57.710221+00:00,fast,160,False,,True,True,306.0,True,75.1,,,,
2026-04-21T06:57:59.665525+00:00,fast,161,False,,True,True,254.0,True,79.08,,,,
2026-04-21T06:58:01.717996+00:00,fast,162,False,,True,True,299.0,True,86.22,,,,
2026-04-21T06:58:03.670118+00:00,fast,163,False,,True,True,245.0,True,88.59,,,,
2026-04-21T06:58:02.357133+00:00,telemetry,,True,S4_RTT_INCREASE,,,,,,260.594,0.0,,S4_RTT_INCREASE:rtt_avg=260.6ms > 150.0ms  loss=0.0%
2026-04-21T06:58:05.693598+00:00,fast,164,False,,True,True,292.0,True,70.74,,,,
2026-04-21T06:58:07.751982+00:00,fast,165,False,,True,True,341.0,True,75.02,,,,
2026-04-21T06:58:09.702163+00:00,fast,166,False,,True,True,285.0,True,84.52,,,,
2026-04-21T06:58:11.762786+00:00,fast,167,False,,True,True,332.0,True,98.8,,,,
2026-04-21T06:58:13.686233+00:00,fast,168,False,,True,True,277.0,True,75.87,,,,
2026-04-21T06:58:15.658070+00:00,fast,169,False,,True,True,245.0,True,80.25,,,,
2026-04-21T06:58:17.750562+00:00,fast,170,False,,True,True,252.0,True,146.41,,,,
2026-04-21T06:58:19.694416+00:00,fast,171,False,,True,True,274.0,True,83.41,,,,
2026-04-21T06:58:21.705938+00:00,fast,172,False,,True,True,297.0,True,73.72,,,,
2026-04-21T06:58:23.738692+00:00,fast,173,False,,True,True,311.0,True,85.04,,,,
2026-04-21T06:58:25.469612+00:00,fast,174,False,,True,True,46.2,True,84.27,,,,
2026-04-21T06:58:27.524232+00:00,fast,175,False,,True,True,68.6,True,111.2,,,,
2026-04-21T06:58:29.462909+00:00,fast,176,False,,True,True,46.6,True,76.52,,,,
2026-04-21T06:58:31.465396+00:00,fast,177,False,,True,True,50.2,True,74.26,,,,
2026-04-21T06:58:33.503687+00:00,fast,178,False,,True,True,48.6,True,112.32,,,,
2026-04-21T06:58:32.357592+00:00,telemetry,,False,,,,,,,55.414,0.0,,
2026-04-21T06:58:35.461681+00:00,fast,179,False,,True,True,53.9,True,70.71,,,,
2026-04-21T06:58:37.471024+00:00,fast,180,False,,True,True,59.8,True,72.61,,,,
2026-04-21T06:58:32.359334+00:00,throughput,,False,,,,,,,,,16.047748,
2026-04-21T06:58:39.455488+00:00,fast,181,False,,True,True,47.2,True,69.95,,,,
2026-04-21T06:58:41.474258+00:00,fast,182,False,,True,True,52.3,True,77.35,,,,
2026-04-21T06:58:43.476110+00:00,fast,183,False,,True,True,48.7,True,81.82,,,,
2026-04-21T06:58:45.476903+00:00,fast,184,False,,True,True,66.0,True,71.64,,,,
2026-04-21T06:58:47.483034+00:00,fast,185,False,,True,True,67.2,True,72.73,,,,
2026-04-21T06:58:49.445211+00:00,fast,186,False,,True,True,32.3,True,72.02,,,,
2026-04-21T06:58:51.461147+00:00,fast,187,False,,True,True,48.2,True,72.68,,,,
2026-04-21T06:58:53.489188+00:00,fast,188,False,,True,True,51.1,True,93.7,,,,
2026-04-21T06:58:55.549844+00:00,fast,189,False,,True,True,51.8,True,149.66,,,,
2026-04-21T06:58:57.586603+00:00,fast,190,False,,True,True,47.5,True,156.77,,,,
2026-04-21T06:58:59.529898+00:00,fast,191,False,,True,True,82.9,True,88.71,,,,
2026-04-21T06:59:01.492199+00:00,fast,192,False,,True,True,52.8,True,94.94,,,,
2026-04-21T06:59:03.465345+00:00,fast,193,False,,True,True,33.3,True,84.71,,,,
2026-04-21T06:59:02.358037+00:00,telemetry,,False,,,,,,,49.172,0.0,,
2026-04-21T06:59:05.492757+00:00,fast,194,False,,True,True,54.4,True,87.4,,,,
2026-04-21T06:59:07.475406+00:00,fast,195,False,,True,True,58.9,True,72.4,,,,
2026-04-21T06:59:09.475491+00:00,fast,196,False,,True,True,49.0,True,79.78,,,,
2026-04-21T06:59:11.552729+00:00,fast,197,False,,True,True,75.7,True,115.78,,,,
2026-04-21T06:59:13.464236+00:00,fast,198,False,,True,True,46.9,True,73.81,,,,
2026-04-21T06:59:15.472992+00:00,fast,199,False,,True,True,51.0,True,72.45,,,,
2026-04-21T06:59:17.488258+00:00,fast,200,False,,True,True,49.1,True,87.49,,,,
2026-04-21T06:59:19.528799+00:00,fast,201,False,,True,True,90.6,True,82.76,,,,
2026-04-21T06:59:21.460927+00:00,fast,202,False,,True,True,32.5,True,76.16,,,,
2026-04-21T06:59:23.538134+00:00,fast,203,False,,True,True,52.2,True,105.84,,,,
2026-04-21T06:59:25.486115+00:00,fast,204,False,,True,True,47.0,True,81.36,,,,
2026-04-21T06:59:27.506424+00:00,fast,205,False,,True,True,74.6,True,78.9,,,,
2026-04-21T06:59:29.480177+00:00,fast,206,False,,True,True,49.6,True,76.42,,,,
2026-04-21T06:59:31.541843+00:00,fast,207,False,,True,True,49.9,True,132.39,,,,
2026-04-21T06:59:34.744673+00:00,fast,208,False,,True,True,456.0,True,511.45,,,,
2026-04-21T06:59:37.122308+00:00,fast,209,True,S1_DNS_DELAY,True,True,549.0,True,685.75,,,,"S1_DNS_DELAY:slow_dns=[google.com=608ms, its.ac.id=686ms] >= 300ms  ping=OK"
2026-04-21T06:59:32.358543+00:00,telemetry,,False,,,,,,,367.976,0.0,,
2026-04-21T06:59:40.103117+00:00,fast,210,False,,True,True,755.0,False,1065.79,,,,
2026-04-21T06:59:41.506200+00:00,fast,211,True,S3_PACKET_LOSS_BURST,True,False,,True,199.62,,,,"S3_PACKET_LOSS_BURST:ping=TIMEOUT  wifi=UP  dns=OK(google.com,its.ac.id)"
2026-04-21T06:59:43.395616+00:00,fast,212,False,,True,True,368.0,True,475.27,,,,
2026-04-21T06:59:45.750114+00:00,fast,213,True,S1_DNS_DELAY,True,True,490.0,True,586.29,,,,"S1_DNS_DELAY:slow_dns=[google.com=559ms, its.ac.id=586ms] >= 300ms  ping=OK"
2026-04-21T06:59:48.790973+00:00,fast,214,False,,True,True,698.0,False,1065.16,,,,
2026-04-21T06:59:50.257268+00:00,fast,215,True,S3_PACKET_LOSS_BURST,True,False,,True,385.71,,,,"S3_PACKET_LOSS_BURST:ping=TIMEOUT  wifi=UP  dns=OK(google.com,its.ac.id)"
2026-04-21T06:59:50.994075+00:00,fast,216,False,,True,True,49.8,True,71.78,,,,
2026-04-21T06:59:54.102641+00:00,fast,217,False,,True,True,378.0,True,473.7,,,,
2026-04-21T06:59:56.400592+00:00,fast,218,True,S1_DNS_DELAY,True,True,470.0,True,570.43,,,,"S1_DNS_DELAY:slow_dns=[google.com=557ms, its.ac.id=570ms] >= 300ms  ping=OK"
2026-04-21T06:59:59.349601+00:00,fast,219,False,,True,True,666.0,False,1065.23,,,,
2026-04-21T07:00:01.113012+00:00,fast,220,True,S3_PACKET_LOSS_BURST,True,False,,True,682.83,,,,"S3_PACKET_LOSS_BURST:ping=TIMEOUT  wifi=UP  dns=OK(google.com,its.ac.id)"
2026-04-21T07:00:01.546917+00:00,fast,221,False,,True,True,47.7,True,70.97,,,,
2026-04-21T07:00:04.595394+00:00,fast,222,False,,True,True,336.0,True,458.31,,,,
2026-04-21T07:00:02.359015+00:00,telemetry,,False,,,,,,,60.398,20.0,,
2026-04-21T07:00:07.011762+00:00,fast,223,True,S1_DNS_DELAY,True,True,474.0,True,601.69,,,,"S1_DNS_DELAY:slow_dns=[google.com=602ms, its.ac.id=574ms] >= 300ms  ping=OK"
2026-04-21T07:00:09.727901+00:00,fast,224,True,S1_DNS_DELAY,True,True,633.0,True,945.4,,,,"S1_DNS_DELAY:slow_dns=[google.com=788ms, its.ac.id=945ms] >= 300ms  ping=OK"
2026-04-21T06:59:32.360407+00:00,throughput,,True,S5_THROTTLE,,,,,,,,0.949477,S5_THROTTLE:tp_avg=0.95Mbps < 3.0Mbps  runs=3/3
2026-04-21T07:00:11.947657+00:00,fast,225,True,S3_PACKET_LOSS_BURST,True,False,,False,1066.69,,,,S3_PACKET_LOSS_BURST:ping=TIMEOUT  wifi=UP  dns=OK(its.ac.id)
2026-04-21T07:00:12.682084+00:00,fast,226,False,,True,True,31.4,True,613.05,,,,
2026-04-21T07:00:14.171801+00:00,fast,227,False,,True,True,54.6,True,79.55,,,,
2026-04-21T07:00:16.196933+00:00,fast,228,False,,True,True,48.4,True,100.58,,,,
2026-04-21T07:00:18.178148+00:00,fast,229,False,,True,True,52.7,True,81.81,,,,
2026-04-21T07:00:20.297146+00:00,fast,230,False,,True,True,80.7,True,165.32,,,,
2026-04-21T07:00:22.164543+00:00,fast,231,False,,True,True,49.8,True,79.68,,,,
2026-04-21T07:00:24.190618+00:00,fast,232,False,,True,True,47.5,True,104.23,,,,
2026-04-21T07:00:26.164151+00:00,fast,233,False,,True,True,49.1,True,75.69,,,,
2026-04-21T07:00:28.146142+00:00,fast,234,False,,True,True,34.2,True,74.74,,,,
2026-04-21T07:00:30.166074+00:00,fast,235,False,,True,True,47.4,True,76.03,,,,
2026-04-21T07:00:32.177229+00:00,fast,236,False,,True,True,48.9,True,90.15,,,,
2026-04-21T07:00:35.582330+00:00,fast,237,False,,True,True,457.0,True,594.83,,,,
2026-04-21T07:00:32.359571+00:00,telemetry,,False,,,,,,,353.722,0.0,,
2026-04-21T07:00:38.070573+00:00,fast,238,True,S1_DNS_DELAY,True,True,575.0,True,814.08,,,,"S1_DNS_DELAY:slow_dns=[google.com=712ms, its.ac.id=814ms] >= 300ms  ping=OK"
2026-04-21T07:00:41.156330+00:00,fast,239,False,,True,True,945.0,False,1065.86,,,,
2026-04-21T07:00:41.803125+00:00,fast,240,False,,True,True,126.0,True,305.12,,,,
2026-04-21T07:00:44.653903+00:00,fast,241,True,S1_DNS_DELAY,True,True,443.0,True,545.73,,,,"S1_DNS_DELAY:slow_dns=[google.com=498ms, its.ac.id=546ms] >= 300ms  ping=OK"
2026-04-21T07:00:47.227664+00:00,fast,242,True,S1_DNS_DELAY,True,True,541.0,True,826.9,,,,"S1_DNS_DELAY:slow_dns=[google.com=692ms, its.ac.id=827ms] >= 300ms  ping=OK"
2026-04-21T07:00:50.140769+00:00,fast,243,False,,True,True,958.0,False,1066.66,,,,
2026-04-21T07:00:50.357048+00:00,fast,244,False,,True,True,32.7,True,93.73,,,,
2026-04-21T07:00:53.042560+00:00,fast,245,False,,True,True,173.0,True,402.54,,,,
2026-04-21T07:00:55.312326+00:00,fast,246,True,S3_PACKET_LOSS_BURST,True,False,,True,90.84,,,,"S3_PACKET_LOSS_BURST:ping=TIMEOUT  wifi=UP  dns=OK(google.com,its.ac.id)"
2026-04-21T07:00:56.345393+00:00,fast,247,False,,True,True,52.8,True,70.78,,,,
2026-04-21T07:00:32.360882+00:00,throughput,,False,,,,,,,,,7.13383,
2026-04-21T07:00:58.354848+00:00,fast,248,False,,True,True,50.1,True,82.98,,,,
2026-04-21T07:01:00.372008+00:00,fast,249,False,,True,True,68.7,True,80.73,,,,
2026-04-21T07:01:02.357885+00:00,fast,250,False,,True,True,46.9,True,84.96,,,,
2026-04-21T07:01:02.359749+00:00,telemetry,,False,,,,,,,48.583,0.0,,
2026-04-21T07:01:04.457399+00:00,fast,251,False,,True,True,63.1,True,165.64,,,,
2026-04-21T07:01:06.353685+00:00,fast,252,False,,True,True,45.8,True,77.39,,,,
2026-04-21T07:01:08.346584+00:00,fast,253,False,,True,True,46.2,True,75.2,,,,
2026-04-21T07:01:10.361000+00:00,fast,254,False,,True,True,58.6,True,74.56,,,,
2026-04-21T07:01:12.337929+00:00,fast,255,False,,True,True,47.1,True,67.93,,,,
2026-04-21T07:01:14.343829+00:00,fast,256,False,,True,True,49.8,True,69.31,,,,
2026-04-21T07:01:16.375855+00:00,fast,257,False,,True,True,46.2,True,101.47,,,,
2026-04-21T07:01:18.342213+00:00,fast,258,False,,True,True,47.7,True,69.84,,,,
2026-04-21T07:01:20.385850+00:00,fast,259,False,,True,True,46.2,True,104.08,,,,
2026-04-21T07:01:22.349348+00:00,fast,260,False,,True,True,46.3,True,75.11,,,,
2026-04-21T07:01:24.340408+00:00,fast,261,False,,True,True,46.3,False,71.89,,,,
2026-04-21T07:01:27.304281+00:00,fast,262,True,S3_PACKET_LOSS_BURST,True,False,,False,1065.26,,,,"S3_PACKET_LOSS_BURST:ping=TIMEOUT  wifi=UP  dns=FAIL(google.com,its.ac.id)"
2026-04-21T07:01:30.321636+00:00,fast,263,True,S6_CONNECTIVITY_FLAP,True,False,,False,1065.93,,,,S6_CONNECTIVITY_FLAP:ping=FAIL  all_dns=FAIL  wifi=UP  (upstream down)
2026-04-21T07:01:32.485639+00:00,fast,264,True,S6_CONNECTIVITY_FLAP,True,False,,False,1064.72,,,,S6_CONNECTIVITY_FLAP:ping=FAIL  all_dns=FAIL  wifi=UP  (upstream down)
2026-04-21T07:01:33.652502+00:00,fast,265,True,S3_PACKET_LOSS_BURST,True,False,,True,82.62,,,,"S3_PACKET_LOSS_BURST:ping=TIMEOUT  wifi=UP  dns=OK(google.com,its.ac.id)"
2026-04-21T07:01:32.360224+00:00,telemetry,,False,,,,,,,740.9,0.0,,
2026-04-21T07:01:34.696940+00:00,fast,266,False,,True,True,47.4,True,82.54,,,,
2026-04-21T07:01:36.678894+00:00,fast,267,False,,True,True,37.5,True,73.71,,,,
2026-04-21T07:01:38.756511+00:00,fast,268,False,,True,True,51.5,True,104.57,,,,
2026-04-21T07:01:32.361410+00:00,throughput,,False,,,,,,,,,14.432204,
2026-04-21T07:01:40.683970+00:00,fast,269,False,,True,True,47.5,True,71.19,,,,
2026-04-21T07:01:43.643765+00:00,fast,270,True,S3_PACKET_LOSS_BURST,True,False,,False,1065.91,,,,"S3_PACKET_LOSS_BURST:ping=TIMEOUT  wifi=UP  dns=FAIL(google.com,its.ac.id)"
2026-04-21T07:01:47.627192+00:00,fast,271,True,S6_CONNECTIVITY_FLAP,True,False,,False,1064.34,,,,S6_CONNECTIVITY_FLAP:ping=FAIL  all_dns=FAIL  wifi=UP  (upstream down)
2026-04-21T07:01:50.768763+00:00,fast,272,True,S6_CONNECTIVITY_FLAP,True,False,,False,1066.26,,,,S6_CONNECTIVITY_FLAP:ping=FAIL  all_dns=FAIL  wifi=UP  (upstream down)
2026-04-21T07:01:51.813313+00:00,fast,273,False,,True,True,876.0,True,88.44,,,,
2026-04-21T07:01:52.972253+00:00,fast,274,False,,True,True,37.6,True,79.06,,,,
2026-04-21T07:01:54.984278+00:00,fast,275,False,,True,True,51.2,True,81.4,,,,
2026-04-21T07:01:56.968201+00:00,fast,276,False,,True,True,47.0,True,70.42,,,,
2026-04-21T07:01:58.985903+00:00,fast,277,False,,True,True,47.7,True,85.7,,,,
2026-04-21T07:02:01.919209+00:00,fast,278,True,S3_PACKET_LOSS_BURST,True,False,,False,1058.0,,,,"S3_PACKET_LOSS_BURST:ping=TIMEOUT  wifi=UP  dns=FAIL(google.com,its.ac.id)"
2026-04-21T07:02:05.911594+00:00,fast,279,True,S6_CONNECTIVITY_FLAP,True,False,,False,1065.07,,,,S6_CONNECTIVITY_FLAP:ping=FAIL  all_dns=FAIL  wifi=UP  (upstream down)
2026-04-21T07:02:09.053177+00:00,fast,280,True,S6_CONNECTIVITY_FLAP,True,False,,False,1065.8,,,,S6_CONNECTIVITY_FLAP:ping=FAIL  all_dns=FAIL  wifi=UP  (upstream down)
2026-04-21T07:02:09.930436+00:00,fast,281,False,,True,True,716.0,True,77.25,,,,
2026-04-21T07:02:11.276068+00:00,fast,282,False,,True,True,48.4,True,83.23,,,,
2026-04-21T07:02:02.360672+00:00,telemetry,,False,,,,,,,,,,
2026-04-21T07:02:13.335611+00:00,fast,283,False,,True,True,36.1,True,147.33,,,,
2026-04-21T07:02:15.257184+00:00,fast,284,False,,True,True,45.7,True,73.65,,,,
2026-04-21T07:02:17.441631+00:00,fast,285,False,,True,True,68.6,True,234.38,,,,
2026-04-21T07:02:19.253635+00:00,fast,286,False,,True,True,38.4,True,75.49,,,,
2026-04-21T07:02:21.333561+00:00,fast,287,False,,True,True,64.2,True,133.1,,,,
2026-04-21T07:02:23.282695+00:00,fast,288,False,,True,True,61.0,True,82.8,,,,
2026-04-21T07:02:25.265775+00:00,fast,289,False,,True,True,47.4,True,80.95,,,,
2026-04-21T07:02:27.261523+00:00,fast,290,False,,True,True,53.7,True,70.62,,,,
2026-04-21T07:02:29.276459+00:00,fast,291,False,,True,True,53.0,True,82.2,,,,
2026-04-21T07:02:31.256508+00:00,fast,292,False,,True,True,45.6,True,71.35,,,,
2026-04-21T07:02:33.465246+00:00,fast,293,False,,True,True,180.0,True,108.15,,,,
2026-04-21T07:02:32.361166+00:00,telemetry,,False,,,,,,,64.947,0.0,,
2026-04-21T07:02:35.268168+00:00,fast,294,False,,True,True,47.3,True,82.75,,,,
2026-04-21T07:02:37.265011+00:00,fast,295,False,,True,True,49.1,True,73.58,,,,
2026-04-21T07:02:32.362052+00:00,throughput,,False,,,,,,,,,14.163356,
2026-04-21T07:02:39.271396+00:00,fast,296,False,,True,True,63.4,True,69.3,,,,
2026-04-21T07:02:41.254651+00:00,fast,297,False,,True,True,46.2,True,69.75,,,,
2026-04-21T07:02:43.277150+00:00,fast,298,False,,True,True,47.6,True,89.39,,,,
2026-04-21T07:02:45.257062+00:00,fast,299,False,,True,True,46.0,True,71.98,,,,
2026-04-21T07:02:47.255037+00:00,fast,300,False,,True,True,48.2,True,69.25,,,,
2026-04-21T07:02:49.270551+00:00,fast,301,False,,True,True,47.9,True,78.97,,,,
2026-04-21T07:02:51.248149+00:00,fast,302,False,,True,True,33.9,True,73.17,,,,
2026-04-21T07:02:53.273436+00:00,fast,303,False,,True,True,54.0,True,75.05,,,,
2026-04-21T07:02:55.276994+00:00,fast,304,False,,True,True,55.9,True,78.88,,,,
2026-04-21T07:02:57.245117+00:00,fast,305,False,,True,True,30.0,True,71.32,,,,
2026-04-21T07:02:59.261367+00:00,fast,306,False,,True,True,47.7,True,70.89,,,,
2026-04-21T07:03:01.284268+00:00,fast,307,False,,True,True,48.7,True,88.48,,,,
2026-04-21T07:03:03.248927+00:00,fast,308,False,,True,True,32.2,True,72.43,,,,
2026-04-21T07:03:02.361646+00:00,telemetry,,False,,,,,,,51.909,0.0,,
2026-04-21T07:03:05.278005+00:00,fast,309,False,,True,True,52.6,True,79.6,,,,
2026-04-21T07:03:07.259009+00:00,fast,310,False,,True,True,45.3,True,71.88,,,,
2026-04-21T07:03:09.264897+00:00,fast,311,False,,True,True,47.3,True,72.16,,,,
2026-04-21T07:03:11.277937+00:00,fast,312,False,,True,True,55.8,True,74.93,,,,
2026-04-21T07:03:13.263251+00:00,fast,313,False,,True,True,46.0,True,71.31,,,,
2026-04-21T07:03:15.267701+00:00,fast,314,False,,True,True,48.0,True,71.23,,,,
2026-04-21T07:03:17.324171+00:00,fast,315,False,,True,True,34.0,True,140.34,,,,
2026-04-21T07:03:19.288683+00:00,fast,316,False,,True,True,56.3,True,84.48,,,,
2026-04-21T07:03:21.274498+00:00,fast,317,False,,True,True,53.4,True,74.42,,,,
2026-04-21T07:03:23.291808+00:00,fast,318,False,,True,True,59.1,True,86.63,,,,
2026-04-21T07:03:25.275252+00:00,fast,319,False,,True,True,46.7,True,78.32,,,,
2026-04-21T07:03:27.268755+00:00,fast,320,False,,True,True,48.6,True,71.76,,,,
2026-04-21T07:03:29.276862+00:00,fast,321,False,,True,True,47.2,True,75.09,,,,
2026-04-21T07:03:31.268678+00:00,fast,322,False,,True,True,47.8,True,71.09,,,,
2026-04-21T07:03:33.341564+00:00,fast,323,False,,True,True,58.9,True,106.77,,,,
2026-04-21T07:03:32.362127+00:00,telemetry,,False,,,,,,,56.398,0.0,,
2026-04-21T07:03:35.313872+00:00,fast,324,False,,True,True,49.0,True,108.92,,,,
2026-04-21T07:03:37.281902+00:00,fast,325,False,,True,True,47.2,True,83.48,,,,
2026-04-21T07:03:32.362737+00:00,throughput,,False,,,,,,,,,15.849172,
2026-04-21T07:03:39.273760+00:00,fast,326,False,,True,True,50.3,True,72.84,,,,
2026-04-21T07:03:41.304886+00:00,fast,327,False,,True,True,47.6,True,102.91,,,,
2026-04-21T07:03:43.300617+00:00,fast,328,False,,True,True,48.7,True,99.01,,,,
2026-04-21T07:03:45.298404+00:00,fast,329,False,,True,True,49.7,True,84.6,,,,
2026-04-21T07:03:47.280304+00:00,fast,330,False,,True,True,55.7,True,72.63,,,,
2026-04-21T07:03:49.286259+00:00,fast,331,False,,True,True,54.3,True,78.68,,,,
2026-04-21T07:03:51.284255+00:00,fast,332,False,,True,True,46.7,True,78.98,,,,
2026-04-21T07:03:53.374142+00:00,fast,333,False,,True,True,49.9,True,163.7,,,,
2026-04-21T07:03:55.273048+00:00,fast,334,False,,True,True,48.2,True,70.34,,,,
2026-04-21T07:03:57.278251+00:00,fast,335,False,,True,True,48.4,True,72.82,,,,
2026-04-21T07:03:59.268670+00:00,fast,336,False,,True,True,45.4,True,69.52,,,,
2026-04-21T07:04:01.281034+00:00,fast,337,False,,True,True,45.7,True,82.18,,,,
2026-04-21T07:04:03.264029+00:00,fast,338,False,,True,True,30.9,True,75.9,,,,
2026-04-21T07:04:02.362565+00:00,telemetry,,False,,,,,,,45.856,0.0,,
2026-04-21T07:04:05.273015+00:00,fast,339,False,,True,True,45.8,True,70.86,,,,
2026-04-21T07:04:07.298616+00:00,fast,340,False,,True,True,47.0,True,96.01,,,,
2026-04-21T07:04:09.271951+00:00,fast,341,False,,True,True,42.2,True,71.61,,,,
2026-04-21T07:04:11.277990+00:00,fast,342,False,,True,True,48.0,True,72.59,,,,
2026-04-21T07:04:13.302568+00:00,fast,343,False,,True,True,46.2,True,94.42,,,,
2026-04-21T07:04:15.280881+00:00,fast,344,False,,True,True,45.8,True,76.57,,,,
2026-04-21T07:04:17.343446+00:00,fast,345,False,,True,True,56.7,True,123.89,,,,
2026-04-21T07:04:19.299176+00:00,fast,346,False,,True,True,55.6,True,78.64,,,,
2026-04-21T07:04:21.287328+00:00,fast,347,False,,True,True,48.4,True,76.33,,,,
2026-04-21T07:04:23.293296+00:00,fast,348,False,,True,True,44.9,True,78.89,,,,
2026-04-21T07:04:25.273940+00:00,fast,349,False,,True,True,46.0,True,68.7,,,,
2026-04-21T07:04:27.287400+00:00,fast,350,False,,True,True,47.5,True,77.78,,,,
2026-04-21T07:04:29.254773+00:00,fast,351,False,,True,True,32.3,True,64.7,,,,
2026-04-21T07:04:31.270437+00:00,fast,352,False,,True,True,34.1,True,74.13,,,,
2026-04-21T07:04:34.116045+00:00,fast,353,False,,True,True,696.0,True,232.22,,,,
2026-04-21T07:04:32.362872+00:00,telemetry,,False,,,,,,,276.446,20.0,,
2026-04-21T07:04:35.293548+00:00,fast,354,False,,True,True,35.6,True,88.19,,,,
2026-04-21T07:04:37.282889+00:00,fast,355,False,,True,True,32.9,True,83.18,,,,
2026-04-21T07:04:32.363299+00:00,throughput,,False,,,,,,,,,13.560683,
2026-04-21T07:04:39.375571+00:00,fast,356,False,,True,True,101.0,True,110.59,,,,
2026-04-21T07:04:41.320288+00:00,fast,357,False,,True,True,37.4,True,117.37,,,,
2026-04-21T07:04:43.288299+00:00,fast,358,False,,True,True,45.4,True,75.03,,,,
2026-04-21T07:04:45.267939+00:00,fast,359,False,,True,True,30.5,True,70.57,,,,
2026-04-21T07:04:47.287245+00:00,fast,360,False,,True,True,32.9,True,84.76,,,,
2026-04-21T07:04:49.277238+00:00,fast,361,False,,True,True,31.2,True,76.95,,,,
2026-04-21T07:04:51.643995+00:00,fast,362,False,,True,True,154.0,True,197.77,,,,
2026-04-21T07:04:53.715414+00:00,fast,363,False,,True,True,190.0,True,220.97,,,,
2026-04-21T07:04:55.646153+00:00,fast,364,False,,True,True,149.0,True,200.21,,,,
2026-04-21T07:04:57.307987+00:00,fast,365,False,,True,True,60.9,True,77.64,,,,
2026-04-21T07:04:59.220535+00:00,fast,366,True,S3_PACKET_LOSS_BURST,True,False,,False,61.21,,,,"S3_PACKET_LOSS_BURST:ping=TIMEOUT  wifi=UP  dns=FAIL(google.com,its.ac.id)"
2026-04-21T07:05:01.204472+00:00,fast,367,True,S6_CONNECTIVITY_FLAP,True,False,,False,54.15,,,,S6_CONNECTIVITY_FLAP:ping=FAIL  all_dns=FAIL  wifi=UP  (upstream down)
2026-04-21T07:05:02.363299+00:00,telemetry,,False,,,,,,,,,,
2026-04-21T07:05:03.208654+00:00,fast,368,True,S6_CONNECTIVITY_FLAP,True,False,,False,55.15,,,,S6_CONNECTIVITY_FLAP:ping=FAIL  all_dns=FAIL  wifi=UP  (upstream down)
2026-04-21T07:05:05.208479+00:00,fast,369,True,S6_CONNECTIVITY_FLAP,True,False,,False,54.54,,,,S6_CONNECTIVITY_FLAP:ping=FAIL  all_dns=FAIL  wifi=UP  (upstream down)
2026-04-21T07:05:07.221119+00:00,fast,370,True,S6_CONNECTIVITY_FLAP,True,False,,False,60.76,,,,S6_CONNECTIVITY_FLAP:ping=FAIL  all_dns=FAIL  wifi=UP  (upstream down)
2026-04-21T07:05:09.286530+00:00,fast,371,False,,True,True,39.2,True,75.47,,,,
2026-04-21T07:05:11.288258+00:00,fast,372,False,,True,True,41.4,True,74.03,,,,
2026-04-21T07:05:13.300882+00:00,fast,373,False,,True,True,46.9,True,77.43,,,,
2026-04-21T07:05:15.301894+00:00,fast,374,False,,True,True,54.4,True,73.33,,,,
2026-04-21T07:05:17.295079+00:00,fast,375,False,,True,True,48.2,True,73.54,,,,
2026-04-21T07:05:19.351132+00:00,fast,376,False,,True,True,79.4,True,87.9,,,,
2026-04-21T07:05:21.305828+00:00,fast,377,False,,True,True,52.8,True,76.04,,,,
2026-04-21T07:05:23.317745+00:00,fast,378,False,,True,True,48.3,True,92.63,,,,
2026-04-21T07:05:25.280560+00:00,fast,379,False,,True,True,36.1,True,71.41,,,,
2026-04-21T07:05:27.278036+00:00,fast,380,False,,True,True,34.9,True,69.61,,,,
2026-04-21T07:05:29.287149+00:00,fast,381,False,,True,True,30.5,True,80.76,,,,
2026-04-21T07:05:31.288028+00:00,fast,382,False,,True,True,33.2,True,75.24,,,,
2026-04-21T07:05:33.374315+00:00,fast,383,False,,True,True,50.8,True,127.76,,,,
2026-04-21T07:05:32.363734+00:00,telemetry,,False,,,,,,,61.375,0.0,,
2026-04-21T07:05:35.297723+00:00,fast,384,False,,True,True,48.7,True,72.25,,,,
2026-04-21T07:05:37.296950+00:00,fast,385,False,,True,True,47.4,True,71.38,,,,
2026-04-21T07:05:32.364368+00:00,throughput,,False,,,,,,,,,16.527263,
2026-04-21T07:05:39.292231+00:00,fast,386,False,,True,True,31.5,True,83.5,,,,
2026-04-21T07:05:41.328324+00:00,fast,387,False,,True,True,34.9,True,115.58,,,,
2026-04-21T07:05:43.300311+00:00,fast,388,False,,True,True,48.7,True,71.83,,,,
2026-04-21T07:05:45.310367+00:00,fast,389,False,,True,True,50.9,True,79.66,,,,
2026-04-21T07:05:47.360916+00:00,fast,390,False,,True,True,91.1,True,84.42,,,,
2026-04-21T07:05:49.308783+00:00,fast,391,False,,True,True,47.1,True,80.5,,,,
2026-04-21T07:05:51.298383+00:00,fast,392,False,,True,True,46.4,True,72.33,,,,
2026-04-21T07:05:53.316896+00:00,fast,393,False,,True,True,54.6,True,81.0,,,,
2026-04-21T07:05:55.334139+00:00,fast,394,False,,True,True,57.8,True,88.46,,,,
2026-04-21T07:05:57.320355+00:00,fast,395,False,,True,True,54.4,True,78.25,,,,
2026-04-21T07:05:59.312427+00:00,fast,396,False,,True,True,46.0,True,80.34,,,,
2026-04-21T07:06:01.322478+00:00,fast,397,False,,True,True,48.2,True,86.22,,,,
2026-04-21T07:06:03.294056+00:00,fast,398,False,,True,True,34.5,True,76.17,,,,
2026-04-21T07:06:02.364191+00:00,telemetry,,False,,,,,,,44.956,0.0,,
2026-04-21T07:06:05.313071+00:00,fast,399,False,,True,True,48.7,True,76.1,,,,
2026-04-21T07:06:07.316051+00:00,fast,400,False,,True,True,49.3,True,77.18,,,,
2026-04-21T07:06:09.317017+00:00,fast,401,False,,True,True,46.2,True,85.23,,,,
2026-04-21T07:06:11.333350+00:00,fast,402,False,,True,True,58.8,True,90.39,,,,
2026-04-21T07:06:13.319414+00:00,fast,403,False,,True,True,52.9,True,82.49,,,,
2026-04-21T07:06:15.317960+00:00,fast,404,False,,True,True,46.2,True,87.05,,,,
2026-04-21T07:06:17.314076+00:00,fast,405,False,,True,True,48.1,True,74.93,,,,
2026-04-21T07:06:19.314637+00:00,fast,406,False,,True,True,48.1,True,81.12,,,,
2026-04-21T07:06:21.338521+00:00,fast,407,False,,True,True,66.4,True,86.57,,,,
2026-04-21T07:06:23.296141+00:00,fast,408,False,,True,True,35.9,True,72.53,,,,
2026-04-21T07:06:25.325143+00:00,fast,409,False,,True,True,57.0,True,77.49,,,,
2026-04-21T07:06:27.312070+00:00,fast,410,False,,True,True,46.2,True,78.79,,,,
2026-04-21T07:06:29.317806+00:00,fast,411,False,,True,True,46.3,True,80.6,,,,
2026-04-21T07:06:31.308759+00:00,fast,412,False,,True,True,46.0,True,74.8,,,,
2026-04-21T07:06:33.358541+00:00,fast,413,False,,True,True,46.3,True,103.95,,,,
2026-04-21T07:06:32.364691+00:00,telemetry,,False,,,,,,,59.622,0.0,,
2026-04-21T07:06:35.368862+00:00,fast,414,False,,True,True,67.4,True,110.88,,,,
2026-04-21T07:06:37.318370+00:00,fast,415,False,,True,True,55.9,True,72.66,,,,
2026-04-21T07:06:32.366807+00:00,throughput,,False,,,,,,,,,16.444567,
2026-04-21T07:06:39.305240+00:00,fast,416,False,,True,True,47.6,True,68.52,,,,
2026-04-21T07:06:41.295675+00:00,fast,417,False,,True,True,33.3,True,72.79,,,,
2026-04-21T07:06:43.294450+00:00,fast,418,False,,True,True,31.5,True,73.12,,,,
2026-04-21T07:06:45.292593+00:00,fast,419,False,,True,True,33.8,True,68.9,,,,
2026-04-21T07:06:47.336645+00:00,fast,420,False,,True,True,51.4,True,86.02,,,,
2026-04-21T07:06:49.324614+00:00,fast,421,False,,True,True,48.0,True,81.89,,,,
2026-04-21T07:06:51.328117+00:00,fast,422,False,,True,True,45.9,True,88.06,,,,
2026-04-21T07:06:53.324938+00:00,fast,423,False,,True,True,50.0,True,79.37,,,,
2026-04-21T07:06:55.325171+00:00,fast,424,False,,True,True,46.9,True,82.38,,,,
2026-04-21T07:06:57.330096+00:00,fast,425,False,,True,True,49.5,True,78.39,,,,
2026-04-21T07:06:59.326199+00:00,fast,426,False,,True,True,45.3,True,83.56,,,,
2026-04-21T07:07:01.328428+00:00,fast,427,False,,True,True,46.3,True,78.4,,,,
2026-04-21T07:07:03.335932+00:00,fast,428,False,,True,True,55.1,True,82.71,,,,
2026-04-21T07:07:02.365156+00:00,telemetry,,False,,,,,,,43.707,0.0,,
2026-04-21T07:07:05.313848+00:00,fast,429,False,,True,True,48.1,True,71.42,,,,
2026-04-21T07:07:07.332259+00:00,fast,430,False,,True,True,66.6,True,69.78,,,,
2026-04-21T07:07:09.310609+00:00,fast,431,False,,True,True,45.9,True,69.33,,,,
2026-04-21T07:07:11.318310+00:00,fast,432,False,,True,True,46.2,True,75.33,,,,
2026-04-21T07:07:13.320820+00:00,fast,433,False,,True,True,50.2,True,72.47,,,,
2026-04-21T07:07:15.314391+00:00,fast,434,False,,True,True,47.3,True,70.59,,,,
2026-04-21T07:07:17.349077+00:00,fast,435,False,,True,True,51.8,True,97.15,,,,
2026-04-21T07:07:19.345788+00:00,fast,436,False,,True,True,69.4,True,73.69,,,,
2026-04-21T07:07:21.342062+00:00,fast,437,False,,True,True,50.9,True,82.87,,,,
2026-04-21T07:07:23.345764+00:00,fast,438,False,,True,True,46.2,True,92.33,,,,
2026-04-21T07:07:25.441575+00:00,fast,439,False,,True,True,44.7,True,181.66,,,,
2026-04-21T07:07:27.633334+00:00,fast,440,False,,True,True,49.0,True,371.92,,,,
2026-04-21T07:07:29.352477+00:00,fast,441,False,,True,True,75.8,True,74.17,,,,
2026-04-21T07:07:31.389002+00:00,fast,442,False,,True,True,65.5,True,119.21,,,,
